{"cameraMode":{"drawMode":0,"name":"Shaded","section":"Shading Mode"},"sceneLighting":false,"audioPlay":false,"sceneViewState":{"showFog":true,"showMaterialUpdate":false,"showSkybox":false,"showFlares":true,"showImageEffects":true,"showParticleSystems":true},"in2DMode":false,"pivot":{"x":0.6467971801757813,"y":5.460718631744385,"z":-1.585566759109497},"rotation":{"x":-0.16069453954696656,"y":-0.5045403838157654,"z":0.09619434922933579,"w":-0.8428335189819336},"size":8.73415470123291,"orthographic":true}