{"cameraMode":{"drawMode":0,"name":"Shaded","section":"Shading Mode"},"sceneLighting":false,"audioPlay":false,"sceneViewState":{"showFog":true,"showMaterialUpdate":false,"showSkybox":false,"showFlares":true,"showImageEffects":true,"showParticleSystems":true},"in2DMode":false,"pivot":{"x":0.6053986549377441,"y":6.040862083435059,"z":1.0939984321594239},"rotation":{"x":-0.07785820215940476,"y":0.9114017486572266,"z":-0.34931161999702456,"w":-0.20314286649227143},"size":8.090675354003907,"orthographic":true}