{"cameraMode":{"drawMode":0,"name":"Shaded","section":"Shading Mode"},"sceneLighting":false,"audioPlay":false,"sceneViewState":{"showFog":true,"showMaterialUpdate":false,"showSkybox":false,"showFlares":true,"showImageEffects":true,"showParticleSystems":true},"in2DMode":false,"pivot":{"x":1.706649899482727,"y":-0.20772583782672883,"z":-1.9872480630874634},"rotation":{"x":-0.08416882902383805,"y":-0.668462336063385,"z":0.07652401179075241,"w":-0.7350165247917175},"size":8.39146900177002,"orthographic":false}