{"cameraMode":{"drawMode":0,"name":"Shaded","section":"Shading Mode"},"sceneLighting":false,"audioPlay":false,"sceneViewState":{"showFog":true,"showMaterialUpdate":false,"showSkybox":false,"showFlares":true,"showImageEffects":true,"showParticleSystems":true},"in2DMode":false,"pivot":{"x":-0.01905083656311035,"y":0.46001625061035159,"z":-0.4557170867919922},"rotation":{"x":0.44300276041030886,"y":0.549901008605957,"z":-0.43744397163391116,"w":0.556861400604248},"size":3.2153356075286867,"orthographic":false}